source,target,type,weight
0,1,spatial,0.0
0,2,spatial,0.0
0,3,spatial,0.0
0,4,spatial,0.0
0,5,spatial,0.0
0,6,spatial,0.0
0,7,spatial,0.0
0,8,spatial,0.0
1,0,spatial,0.0
1,2,spatial,0.0
1,3,spatial,0.0
1,4,spatial,0.0
1,5,spatial,0.0
1,6,spatial,0.0
1,7,spatial,0.0
1,8,spatial,0.0
2,0,spatial,0.0
2,1,spatial,0.0
2,3,spatial,0.0
2,4,spatial,0.0
2,5,spatial,0.0
2,6,spatial,0.0
2,7,spatial,0.0
2,8,spatial,0.0
3,0,spatial,0.0
3,1,spatial,0.0
3,2,spatial,0.0
3,4,spatial,0.0
3,5,spatial,0.0
3,6,spatial,0.0
3,7,spatial,0.0
3,8,spatial,0.0
4,0,spatial,0.0
4,1,spatial,0.0
4,2,spatial,0.0
4,3,spatial,0.0
4,5,spatial,0.0
4,6,spatial,0.0
4,7,spatial,0.0
4,8,spatial,0.0
5,0,spatial,0.0
5,1,spatial,0.0
5,2,spatial,0.0
5,3,spatial,0.0
5,4,spatial,0.0
5,6,spatial,0.0
5,7,spatial,0.0
5,8,spatial,0.0
6,0,spatial,0.0
6,1,spatial,0.0
6,2,spatial,0.0
6,3,spatial,0.0
6,4,spatial,0.0
6,5,spatial,0.0
6,7,spatial,0.0
6,8,spatial,0.0
7,0,spatial,0.0
7,1,spatial,0.0
7,2,spatial,0.0
7,3,spatial,0.0
7,4,spatial,0.0
7,5,spatial,0.0
7,6,spatial,0.0
7,8,spatial,0.0
8,0,spatial,0.0
8,1,spatial,0.0
8,2,spatial,0.0
8,3,spatial,0.0
8,4,spatial,0.0
8,5,spatial,0.0
8,6,spatial,0.0
8,7,spatial,0.0
9,0,spatial,0.0
9,1,spatial,0.0
9,2,spatial,0.0
9,3,spatial,0.0
9,4,spatial,0.0
9,5,spatial,0.0
9,6,spatial,0.0
9,7,spatial,0.0
10,0,spatial,0.0
10,1,spatial,0.0
10,2,spatial,0.0
10,3,spatial,0.0
10,4,spatial,0.0
10,5,spatial,0.0
10,6,spatial,0.0
10,7,spatial,0.0
11,0,spatial,0.0
11,1,spatial,0.0
11,2,spatial,0.0
11,3,spatial,0.0
11,4,spatial,0.0
11,5,spatial,0.0
11,6,spatial,0.0
11,7,spatial,0.0
12,0,spatial,0.0
12,1,spatial,0.0
12,2,spatial,0.0
12,3,spatial,0.0
12,4,spatial,0.0
12,5,spatial,0.0
12,6,spatial,0.0
12,7,spatial,0.0
13,0,spatial,0.0
13,1,spatial,0.0
13,2,spatial,0.0
13,3,spatial,0.0
13,4,spatial,0.0
13,5,spatial,0.0
13,6,spatial,0.0
13,7,spatial,0.0
14,0,spatial,0.0
14,1,spatial,0.0
14,2,spatial,0.0
14,3,spatial,0.0
14,4,spatial,0.0
14,5,spatial,0.0
14,6,spatial,0.0
14,7,spatial,0.0
15,0,spatial,0.0
15,1,spatial,0.0
15,2,spatial,0.0
15,3,spatial,0.0
15,4,spatial,0.0
15,5,spatial,0.0
15,6,spatial,0.0
15,7,spatial,0.0
16,0,spatial,0.0
16,1,spatial,0.0
16,2,spatial,0.0
16,3,spatial,0.0
16,4,spatial,0.0
16,5,spatial,0.0
16,6,spatial,0.0
16,7,spatial,0.0
17,0,spatial,0.0
17,1,spatial,0.0
17,2,spatial,0.0
17,3,spatial,0.0
17,4,spatial,0.0
17,5,spatial,0.0
17,6,spatial,0.0
17,7,spatial,0.0
18,0,spatial,0.0
18,1,spatial,0.0
18,2,spatial,0.0
18,3,spatial,0.0
18,4,spatial,0.0
18,5,spatial,0.0
18,6,spatial,0.0
18,7,spatial,0.0
19,0,spatial,0.0
19,1,spatial,0.0
19,2,spatial,0.0
19,3,spatial,0.0
19,4,spatial,0.0
19,5,spatial,0.0
19,6,spatial,0.0
19,7,spatial,0.0
20,0,spatial,0.0
20,1,spatial,0.0
20,2,spatial,0.0
20,3,spatial,0.0
20,4,spatial,0.0
20,5,spatial,0.0
20,6,spatial,0.0
20,7,spatial,0.0
21,0,spatial,0.0
21,1,spatial,0.0
21,2,spatial,0.0
21,3,spatial,0.0
21,4,spatial,0.0
21,5,spatial,0.0
21,6,spatial,0.0
21,7,spatial,0.0
22,0,spatial,0.0
22,1,spatial,0.0
22,2,spatial,0.0
22,3,spatial,0.0
22,4,spatial,0.0
22,5,spatial,0.0
22,6,spatial,0.0
22,7,spatial,0.0
23,0,spatial,0.0
23,1,spatial,0.0
23,2,spatial,0.0
23,3,spatial,0.0
23,4,spatial,0.0
23,5,spatial,0.0
23,6,spatial,0.0
23,7,spatial,0.0
24,0,spatial,0.0
24,1,spatial,0.0
24,2,spatial,0.0
24,3,spatial,0.0
24,4,spatial,0.0
24,5,spatial,0.0
24,6,spatial,0.0
24,7,spatial,0.0
25,0,spatial,0.0
25,1,spatial,0.0
25,2,spatial,0.0
25,3,spatial,0.0
25,4,spatial,0.0
25,5,spatial,0.0
25,6,spatial,0.0
25,7,spatial,0.0
26,0,spatial,0.0
26,1,spatial,0.0
26,2,spatial,0.0
26,3,spatial,0.0
26,4,spatial,0.0
26,5,spatial,0.0
26,6,spatial,0.0
26,7,spatial,0.0
27,0,spatial,0.0
27,1,spatial,0.0
27,2,spatial,0.0
27,3,spatial,0.0
27,4,spatial,0.0
27,5,spatial,0.0
27,6,spatial,0.0
27,7,spatial,0.0
28,0,spatial,0.0
28,1,spatial,0.0
28,2,spatial,0.0
28,3,spatial,0.0
28,4,spatial,0.0
28,5,spatial,0.0
28,6,spatial,0.0
28,7,spatial,0.0
29,0,spatial,0.0
29,1,spatial,0.0
29,2,spatial,0.0
29,3,spatial,0.0
29,4,spatial,0.0
29,5,spatial,0.0
29,6,spatial,0.0
29,7,spatial,0.0
30,0,spatial,0.0
30,1,spatial,0.0
30,2,spatial,0.0
30,3,spatial,0.0
30,4,spatial,0.0
30,5,spatial,0.0
30,6,spatial,0.0
30,7,spatial,0.0
31,0,spatial,0.0
31,1,spatial,0.0
31,2,spatial,0.0
31,3,spatial,0.0
31,4,spatial,0.0
31,5,spatial,0.0
31,6,spatial,0.0
31,7,spatial,0.0
32,0,spatial,0.0
32,1,spatial,0.0
32,2,spatial,0.0
32,3,spatial,0.0
32,4,spatial,0.0
32,5,spatial,0.0
32,6,spatial,0.0
32,7,spatial,0.0
33,0,spatial,0.0
33,1,spatial,0.0
33,2,spatial,0.0
33,3,spatial,0.0
33,4,spatial,0.0
33,5,spatial,0.0
33,6,spatial,0.0
33,7,spatial,0.0
34,0,spatial,0.0
34,1,spatial,0.0
34,2,spatial,0.0
34,3,spatial,0.0
34,4,spatial,0.0
34,5,spatial,0.0
34,6,spatial,0.0
34,7,spatial,0.0
35,0,spatial,0.0
35,1,spatial,0.0
35,2,spatial,0.0
35,3,spatial,0.0
35,4,spatial,0.0
35,5,spatial,0.0
35,6,spatial,0.0
35,7,spatial,0.0
36,0,spatial,0.0
36,1,spatial,0.0
36,2,spatial,0.0
36,3,spatial,0.0
36,4,spatial,0.0
36,5,spatial,0.0
36,6,spatial,0.0
36,7,spatial,0.0
37,0,spatial,0.0
37,1,spatial,0.0
37,2,spatial,0.0
37,3,spatial,0.0
37,4,spatial,0.0
37,5,spatial,0.0
37,6,spatial,0.0
37,7,spatial,0.0
38,0,spatial,0.0
38,1,spatial,0.0
38,2,spatial,0.0
38,3,spatial,0.0
38,4,spatial,0.0
38,5,spatial,0.0
38,6,spatial,0.0
38,7,spatial,0.0
39,0,spatial,0.0
39,1,spatial,0.0
39,2,spatial,0.0
39,3,spatial,0.0
39,4,spatial,0.0
39,5,spatial,0.0
39,6,spatial,0.0
39,7,spatial,0.0
40,0,spatial,0.0
40,1,spatial,0.0
40,2,spatial,0.0
40,3,spatial,0.0
40,4,spatial,0.0
40,5,spatial,0.0
40,6,spatial,0.0
40,7,spatial,0.0
41,0,spatial,0.0
41,1,spatial,0.0
41,2,spatial,0.0
41,3,spatial,0.0
41,4,spatial,0.0
41,5,spatial,0.0
41,6,spatial,0.0
41,7,spatial,0.0
42,0,spatial,0.0
42,1,spatial,0.0
42,2,spatial,0.0
42,3,spatial,0.0
42,4,spatial,0.0
42,5,spatial,0.0
42,6,spatial,0.0
42,7,spatial,0.0
43,0,spatial,0.0
43,1,spatial,0.0
43,2,spatial,0.0
43,3,spatial,0.0
43,4,spatial,0.0
43,5,spatial,0.0
43,6,spatial,0.0
43,7,spatial,0.0
44,0,spatial,0.0
44,1,spatial,0.0
44,2,spatial,0.0
44,3,spatial,0.0
44,4,spatial,0.0
44,5,spatial,0.0
44,6,spatial,0.0
44,7,spatial,0.0
45,0,spatial,0.0
45,1,spatial,0.0
45,2,spatial,0.0
45,3,spatial,0.0
45,4,spatial,0.0
45,5,spatial,0.0
45,6,spatial,0.0
45,7,spatial,0.0
46,0,spatial,0.0
46,1,spatial,0.0
46,2,spatial,0.0
46,3,spatial,0.0
46,4,spatial,0.0
46,5,spatial,0.0
46,6,spatial,0.0
46,7,spatial,0.0
47,0,spatial,0.0
47,1,spatial,0.0
47,2,spatial,0.0
47,3,spatial,0.0
47,4,spatial,0.0
47,5,spatial,0.0
47,6,spatial,0.0
47,7,spatial,0.0
48,0,spatial,0.0
48,1,spatial,0.0
48,2,spatial,0.0
48,3,spatial,0.0
48,4,spatial,0.0
48,5,spatial,0.0
48,6,spatial,0.0
48,7,spatial,0.0
49,0,spatial,0.0
49,1,spatial,0.0
49,2,spatial,0.0
49,3,spatial,0.0
49,4,spatial,0.0
49,5,spatial,0.0
49,6,spatial,0.0
49,7,spatial,0.0
50,0,spatial,0.0
50,1,spatial,0.0
50,2,spatial,0.0
50,3,spatial,0.0
50,4,spatial,0.0
50,5,spatial,0.0
50,6,spatial,0.0
50,7,spatial,0.0
51,0,spatial,0.0
51,1,spatial,0.0
51,2,spatial,0.0
51,3,spatial,0.0
51,4,spatial,0.0
51,5,spatial,0.0
51,6,spatial,0.0
51,7,spatial,0.0
52,0,spatial,0.0
52,1,spatial,0.0
52,2,spatial,0.0
52,3,spatial,0.0
52,4,spatial,0.0
52,5,spatial,0.0
52,6,spatial,0.0
52,7,spatial,0.0
53,0,spatial,0.0
53,1,spatial,0.0
53,2,spatial,0.0
53,3,spatial,0.0
53,4,spatial,0.0
53,5,spatial,0.0
53,6,spatial,0.0
53,7,spatial,0.0
54,0,spatial,0.0
54,1,spatial,0.0
54,2,spatial,0.0
54,3,spatial,0.0
54,4,spatial,0.0
54,5,spatial,0.0
54,6,spatial,0.0
54,7,spatial,0.0
55,0,spatial,0.0
55,1,spatial,0.0
55,2,spatial,0.0
55,3,spatial,0.0
55,4,spatial,0.0
55,5,spatial,0.0
55,6,spatial,0.0
55,7,spatial,0.0
56,0,spatial,0.0
56,1,spatial,0.0
56,2,spatial,0.0
56,3,spatial,0.0
56,4,spatial,0.0
56,5,spatial,0.0
56,6,spatial,0.0
56,7,spatial,0.0
57,0,spatial,0.0
57,1,spatial,0.0
57,2,spatial,0.0
57,3,spatial,0.0
57,4,spatial,0.0
57,5,spatial,0.0
57,6,spatial,0.0
57,7,spatial,0.0
58,0,spatial,0.0
58,1,spatial,0.0
58,2,spatial,0.0
58,3,spatial,0.0
58,4,spatial,0.0
58,5,spatial,0.0
58,6,spatial,0.0
58,7,spatial,0.0
59,0,spatial,0.0
59,1,spatial,0.0
59,2,spatial,0.0
59,3,spatial,0.0
59,4,spatial,0.0
59,5,spatial,0.0
59,6,spatial,0.0
59,7,spatial,0.0
60,0,spatial,0.0
60,1,spatial,0.0
60,2,spatial,0.0
60,3,spatial,0.0
60,4,spatial,0.0
60,5,spatial,0.0
60,6,spatial,0.0
60,7,spatial,0.0
61,0,spatial,0.0
61,1,spatial,0.0
61,2,spatial,0.0
61,3,spatial,0.0
61,4,spatial,0.0
61,5,spatial,0.0
61,6,spatial,0.0
61,7,spatial,0.0
62,0,spatial,0.0
62,1,spatial,0.0
62,2,spatial,0.0
62,3,spatial,0.0
62,4,spatial,0.0
62,5,spatial,0.0
62,6,spatial,0.0
62,7,spatial,0.0
63,0,spatial,0.0
63,1,spatial,0.0
63,2,spatial,0.0
63,3,spatial,0.0
63,4,spatial,0.0
63,5,spatial,0.0
63,6,spatial,0.0
63,7,spatial,0.0
64,0,spatial,0.0
64,1,spatial,0.0
64,2,spatial,0.0
64,3,spatial,0.0
64,4,spatial,0.0
64,5,spatial,0.0
64,6,spatial,0.0
64,7,spatial,0.0
65,0,spatial,0.0
65,1,spatial,0.0
65,2,spatial,0.0
65,3,spatial,0.0
65,4,spatial,0.0
65,5,spatial,0.0
65,6,spatial,0.0
65,7,spatial,0.0
66,0,spatial,0.0
66,1,spatial,0.0
66,2,spatial,0.0
66,3,spatial,0.0
66,4,spatial,0.0
66,5,spatial,0.0
66,6,spatial,0.0
66,7,spatial,0.0
67,0,spatial,0.0
67,1,spatial,0.0
67,2,spatial,0.0
67,3,spatial,0.0
67,4,spatial,0.0
67,5,spatial,0.0
67,6,spatial,0.0
67,7,spatial,0.0
68,0,spatial,0.0
68,1,spatial,0.0
68,2,spatial,0.0
68,3,spatial,0.0
68,4,spatial,0.0
68,5,spatial,0.0
68,6,spatial,0.0
68,7,spatial,0.0
69,0,spatial,0.0
69,1,spatial,0.0
69,2,spatial,0.0
69,3,spatial,0.0
69,4,spatial,0.0
69,5,spatial,0.0
69,6,spatial,0.0
69,7,spatial,0.0
70,0,spatial,0.0
70,1,spatial,0.0
70,2,spatial,0.0
70,3,spatial,0.0
70,4,spatial,0.0
70,5,spatial,0.0
70,6,spatial,0.0
70,7,spatial,0.0
71,0,spatial,0.0
71,1,spatial,0.0
71,2,spatial,0.0
71,3,spatial,0.0
71,4,spatial,0.0
71,5,spatial,0.0
71,6,spatial,0.0
71,7,spatial,0.0
72,0,spatial,0.0
72,1,spatial,0.0
72,2,spatial,0.0
72,3,spatial,0.0
72,4,spatial,0.0
72,5,spatial,0.0
72,6,spatial,0.0
72,7,spatial,0.0
73,0,spatial,0.0
73,1,spatial,0.0
73,2,spatial,0.0
73,3,spatial,0.0
73,4,spatial,0.0
73,5,spatial,0.0
73,6,spatial,0.0
73,7,spatial,0.0
74,0,spatial,0.0
74,1,spatial,0.0
74,2,spatial,0.0
74,3,spatial,0.0
74,4,spatial,0.0
74,5,spatial,0.0
74,6,spatial,0.0
74,7,spatial,0.0
75,0,spatial,0.0
75,1,spatial,0.0
75,2,spatial,0.0
75,3,spatial,0.0
75,4,spatial,0.0
75,5,spatial,0.0
75,6,spatial,0.0
75,7,spatial,0.0
76,0,spatial,0.0
76,1,spatial,0.0
76,2,spatial,0.0
76,3,spatial,0.0
76,4,spatial,0.0
76,5,spatial,0.0
76,6,spatial,0.0
76,7,spatial,0.0
77,0,spatial,0.0
77,1,spatial,0.0
77,2,spatial,0.0
77,3,spatial,0.0
77,4,spatial,0.0
77,5,spatial,0.0
77,6,spatial,0.0
77,7,spatial,0.0
78,0,spatial,0.0
78,1,spatial,0.0
78,2,spatial,0.0
78,3,spatial,0.0
78,4,spatial,0.0
78,5,spatial,0.0
78,6,spatial,0.0
78,7,spatial,0.0
79,0,spatial,0.0
79,1,spatial,0.0
79,2,spatial,0.0
79,3,spatial,0.0
79,4,spatial,0.0
79,5,spatial,0.0
79,6,spatial,0.0
79,7,spatial,0.0
80,0,spatial,0.0
80,1,spatial,0.0
80,2,spatial,0.0
80,3,spatial,0.0
80,4,spatial,0.0
80,5,spatial,0.0
80,6,spatial,0.0
80,7,spatial,0.0
81,0,spatial,0.0
81,1,spatial,0.0
81,2,spatial,0.0
81,3,spatial,0.0
81,4,spatial,0.0
81,5,spatial,0.0
81,6,spatial,0.0
81,7,spatial,0.0
82,0,spatial,0.0
82,1,spatial,0.0
82,2,spatial,0.0
82,3,spatial,0.0
82,4,spatial,0.0
82,5,spatial,0.0
82,6,spatial,0.0
82,7,spatial,0.0
83,0,spatial,0.0
83,1,spatial,0.0
83,2,spatial,0.0
83,3,spatial,0.0
83,4,spatial,0.0
83,5,spatial,0.0
83,6,spatial,0.0
83,7,spatial,0.0
84,0,spatial,0.0
84,1,spatial,0.0
84,2,spatial,0.0
84,3,spatial,0.0
84,4,spatial,0.0
84,5,spatial,0.0
84,6,spatial,0.0
84,7,spatial,0.0
85,0,spatial,0.0
85,1,spatial,0.0
85,2,spatial,0.0
85,3,spatial,0.0
85,4,spatial,0.0
85,5,spatial,0.0
85,6,spatial,0.0
85,7,spatial,0.0
86,0,spatial,0.0
86,1,spatial,0.0
86,2,spatial,0.0
86,3,spatial,0.0
86,4,spatial,0.0
86,5,spatial,0.0
86,6,spatial,0.0
86,7,spatial,0.0
87,0,spatial,0.0
87,1,spatial,0.0
87,2,spatial,0.0
87,3,spatial,0.0
87,4,spatial,0.0
87,5,spatial,0.0
87,6,spatial,0.0
87,7,spatial,0.0
88,0,spatial,0.0
88,1,spatial,0.0
88,2,spatial,0.0
88,3,spatial,0.0
88,4,spatial,0.0
88,5,spatial,0.0
88,6,spatial,0.0
88,7,spatial,0.0
89,0,spatial,0.0
89,1,spatial,0.0
89,2,spatial,0.0
89,3,spatial,0.0
89,4,spatial,0.0
89,5,spatial,0.0
89,6,spatial,0.0
89,7,spatial,0.0
90,0,spatial,0.0
90,1,spatial,0.0
90,2,spatial,0.0
90,3,spatial,0.0
90,4,spatial,0.0
90,5,spatial,0.0
90,6,spatial,0.0
90,7,spatial,0.0
91,0,spatial,0.0
91,1,spatial,0.0
91,2,spatial,0.0
91,3,spatial,0.0
91,4,spatial,0.0
91,5,spatial,0.0
91,6,spatial,0.0
91,7,spatial,0.0
92,0,spatial,0.0
92,1,spatial,0.0
92,2,spatial,0.0
92,3,spatial,0.0
92,4,spatial,0.0
92,5,spatial,0.0
92,6,spatial,0.0
92,7,spatial,0.0
93,0,spatial,0.0
93,1,spatial,0.0
93,2,spatial,0.0
93,3,spatial,0.0
93,4,spatial,0.0
93,5,spatial,0.0
93,6,spatial,0.0
93,7,spatial,0.0
94,0,spatial,0.0
94,1,spatial,0.0
94,2,spatial,0.0
94,3,spatial,0.0
94,4,spatial,0.0
94,5,spatial,0.0
94,6,spatial,0.0
94,7,spatial,0.0
95,0,spatial,0.0
95,1,spatial,0.0
95,2,spatial,0.0
95,3,spatial,0.0
95,4,spatial,0.0
95,5,spatial,0.0
95,6,spatial,0.0
95,7,spatial,0.0
96,0,spatial,0.0
96,1,spatial,0.0
96,2,spatial,0.0
96,3,spatial,0.0
96,4,spatial,0.0
96,5,spatial,0.0
96,6,spatial,0.0
96,7,spatial,0.0
97,0,spatial,0.0
97,1,spatial,0.0
97,2,spatial,0.0
97,3,spatial,0.0
97,4,spatial,0.0
97,5,spatial,0.0
97,6,spatial,0.0
97,7,spatial,0.0
98,0,spatial,0.0
98,1,spatial,0.0
98,2,spatial,0.0
98,3,spatial,0.0
98,4,spatial,0.0
98,5,spatial,0.0
98,6,spatial,0.0
98,7,spatial,0.0
99,0,spatial,0.0
99,1,spatial,0.0
99,2,spatial,0.0
99,3,spatial,0.0
99,4,spatial,0.0
99,5,spatial,0.0
99,6,spatial,0.0
99,7,spatial,0.0
100,0,spatial,0.0
100,1,spatial,0.0
100,2,spatial,0.0
100,3,spatial,0.0
100,4,spatial,0.0
100,5,spatial,0.0
100,6,spatial,0.0
100,7,spatial,0.0
101,0,spatial,0.0
101,1,spatial,0.0
101,2,spatial,0.0
101,3,spatial,0.0
101,4,spatial,0.0
101,5,spatial,0.0
101,6,spatial,0.0
101,7,spatial,0.0
102,0,spatial,0.0
102,1,spatial,0.0
102,2,spatial,0.0
102,3,spatial,0.0
102,4,spatial,0.0
102,5,spatial,0.0
102,6,spatial,0.0
102,7,spatial,0.0
103,0,spatial,0.0
103,1,spatial,0.0
103,2,spatial,0.0
103,3,spatial,0.0
103,4,spatial,0.0
103,5,spatial,0.0
103,6,spatial,0.0
103,7,spatial,0.0
104,0,spatial,0.0
104,1,spatial,0.0
104,2,spatial,0.0
104,3,spatial,0.0
104,4,spatial,0.0
104,5,spatial,0.0
104,6,spatial,0.0
104,7,spatial,0.0
105,0,spatial,0.0
105,1,spatial,0.0
105,2,spatial,0.0
105,3,spatial,0.0
105,4,spatial,0.0
105,5,spatial,0.0
105,6,spatial,0.0
105,7,spatial,0.0
106,0,spatial,0.0
106,1,spatial,0.0
106,2,spatial,0.0
106,3,spatial,0.0
106,4,spatial,0.0
106,5,spatial,0.0
106,6,spatial,0.0
106,7,spatial,0.0
107,0,spatial,0.0
107,1,spatial,0.0
107,2,spatial,0.0
107,3,spatial,0.0
107,4,spatial,0.0
107,5,spatial,0.0
107,6,spatial,0.0
107,7,spatial,0.0
108,0,spatial,0.0
108,1,spatial,0.0
108,2,spatial,0.0
108,3,spatial,0.0
108,4,spatial,0.0
108,5,spatial,0.0
108,6,spatial,0.0
108,7,spatial,0.0
109,0,spatial,0.0
109,1,spatial,0.0
109,2,spatial,0.0
109,3,spatial,0.0
109,4,spatial,0.0
109,5,spatial,0.0
109,6,spatial,0.0
109,7,spatial,0.0
110,0,spatial,0.0
110,1,spatial,0.0
110,2,spatial,0.0
110,3,spatial,0.0
110,4,spatial,0.0
110,5,spatial,0.0
110,6,spatial,0.0
110,7,spatial,0.0
111,0,spatial,0.0
111,1,spatial,0.0
111,2,spatial,0.0
111,3,spatial,0.0
111,4,spatial,0.0
111,5,spatial,0.0
111,6,spatial,0.0
111,7,spatial,0.0
112,0,spatial,0.0
112,1,spatial,0.0
112,2,spatial,0.0
112,3,spatial,0.0
112,4,spatial,0.0
112,5,spatial,0.0
112,6,spatial,0.0
112,7,spatial,0.0
113,0,spatial,0.0
113,1,spatial,0.0
113,2,spatial,0.0
113,3,spatial,0.0
113,4,spatial,0.0
113,5,spatial,0.0
113,6,spatial,0.0
113,7,spatial,0.0
114,0,spatial,0.0
114,1,spatial,0.0
114,2,spatial,0.0
114,3,spatial,0.0
114,4,spatial,0.0
114,5,spatial,0.0
114,6,spatial,0.0
114,7,spatial,0.0
115,0,spatial,0.0
115,1,spatial,0.0
115,2,spatial,0.0
115,3,spatial,0.0
115,4,spatial,0.0
115,5,spatial,0.0
115,6,spatial,0.0
115,7,spatial,0.0
116,0,spatial,0.0
116,1,spatial,0.0
116,2,spatial,0.0
116,3,spatial,0.0
116,4,spatial,0.0
116,5,spatial,0.0
116,6,spatial,0.0
116,7,spatial,0.0
117,0,spatial,0.0
117,1,spatial,0.0
117,2,spatial,0.0
117,3,spatial,0.0
117,4,spatial,0.0
117,5,spatial,0.0
117,6,spatial,0.0
117,7,spatial,0.0
118,0,spatial,0.0
118,1,spatial,0.0
118,2,spatial,0.0
118,3,spatial,0.0
118,4,spatial,0.0
118,5,spatial,0.0
118,6,spatial,0.0
118,7,spatial,0.0
119,0,spatial,0.0
119,1,spatial,0.0
119,2,spatial,0.0
119,3,spatial,0.0
119,4,spatial,0.0
119,5,spatial,0.0
119,6,spatial,0.0
119,7,spatial,0.0
120,0,spatial,0.0
120,1,spatial,0.0
120,2,spatial,0.0
120,3,spatial,0.0
120,4,spatial,0.0
120,5,spatial,0.0
120,6,spatial,0.0
120,7,spatial,0.0
121,0,spatial,0.0
121,1,spatial,0.0
121,2,spatial,0.0
121,3,spatial,0.0
121,4,spatial,0.0
121,5,spatial,0.0
121,6,spatial,0.0
121,7,spatial,0.0
122,0,spatial,0.0
122,1,spatial,0.0
122,2,spatial,0.0
122,3,spatial,0.0
122,4,spatial,0.0
122,5,spatial,0.0
122,6,spatial,0.0
122,7,spatial,0.0
123,0,spatial,0.0
123,1,spatial,0.0
123,2,spatial,0.0
123,3,spatial,0.0
123,4,spatial,0.0
123,5,spatial,0.0
123,6,spatial,0.0
123,7,spatial,0.0
124,0,spatial,0.0
124,1,spatial,0.0
124,2,spatial,0.0
124,3,spatial,0.0
124,4,spatial,0.0
124,5,spatial,0.0
124,6,spatial,0.0
124,7,spatial,0.0
125,0,spatial,0.0
125,1,spatial,0.0
125,2,spatial,0.0
125,3,spatial,0.0
125,4,spatial,0.0
125,5,spatial,0.0
125,6,spatial,0.0
125,7,spatial,0.0
126,0,spatial,0.0
126,1,spatial,0.0
126,2,spatial,0.0
126,3,spatial,0.0
126,4,spatial,0.0
126,5,spatial,0.0
126,6,spatial,0.0
126,7,spatial,0.0
127,0,spatial,0.0
127,1,spatial,0.0
127,2,spatial,0.0
127,3,spatial,0.0
127,4,spatial,0.0
127,5,spatial,0.0
127,6,spatial,0.0
127,7,spatial,0.0
128,0,spatial,0.0
128,1,spatial,0.0
128,2,spatial,0.0
128,3,spatial,0.0
128,4,spatial,0.0
128,5,spatial,0.0
128,6,spatial,0.0
128,7,spatial,0.0
129,0,spatial,0.0
129,1,spatial,0.0
129,2,spatial,0.0
129,3,spatial,0.0
129,4,spatial,0.0
129,5,spatial,0.0
129,6,spatial,0.0
129,7,spatial,0.0
130,0,spatial,0.0
130,1,spatial,0.0
130,2,spatial,0.0
130,3,spatial,0.0
130,4,spatial,0.0
130,5,spatial,0.0
130,6,spatial,0.0
130,7,spatial,0.0
131,0,spatial,0.0
131,1,spatial,0.0
131,2,spatial,0.0
131,3,spatial,0.0
131,4,spatial,0.0
131,5,spatial,0.0
131,6,spatial,0.0
131,7,spatial,0.0
132,0,spatial,0.0
132,1,spatial,0.0
132,2,spatial,0.0
132,3,spatial,0.0
132,4,spatial,0.0
132,5,spatial,0.0
132,6,spatial,0.0
132,7,spatial,0.0
133,0,spatial,0.0
133,1,spatial,0.0
133,2,spatial,0.0
133,3,spatial,0.0
133,4,spatial,0.0
133,5,spatial,0.0
133,6,spatial,0.0
133,7,spatial,0.0
134,0,spatial,0.0
134,1,spatial,0.0
134,2,spatial,0.0
134,3,spatial,0.0
134,4,spatial,0.0
134,5,spatial,0.0
134,6,spatial,0.0
134,7,spatial,0.0
135,0,spatial,0.0
135,1,spatial,0.0
135,2,spatial,0.0
135,3,spatial,0.0
135,4,spatial,0.0
135,5,spatial,0.0
135,6,spatial,0.0
135,7,spatial,0.0
136,0,spatial,0.0
136,1,spatial,0.0
136,2,spatial,0.0
136,3,spatial,0.0
136,4,spatial,0.0
136,5,spatial,0.0
136,6,spatial,0.0
136,7,spatial,0.0
137,0,spatial,0.0
137,1,spatial,0.0
137,2,spatial,0.0
137,3,spatial,0.0
137,4,spatial,0.0
137,5,spatial,0.0
137,6,spatial,0.0
137,7,spatial,0.0
138,0,spatial,0.0
138,1,spatial,0.0
138,2,spatial,0.0
138,3,spatial,0.0
138,4,spatial,0.0
138,5,spatial,0.0
138,6,spatial,0.0
138,7,spatial,0.0
139,0,spatial,0.0
139,1,spatial,0.0
139,2,spatial,0.0
139,3,spatial,0.0
139,4,spatial,0.0
139,5,spatial,0.0
139,6,spatial,0.0
139,7,spatial,0.0
140,0,spatial,0.0
140,1,spatial,0.0
140,2,spatial,0.0
140,3,spatial,0.0
140,4,spatial,0.0
140,5,spatial,0.0
140,6,spatial,0.0
140,7,spatial,0.0
141,0,spatial,0.0
141,1,spatial,0.0
141,2,spatial,0.0
141,3,spatial,0.0
141,4,spatial,0.0
141,5,spatial,0.0
141,6,spatial,0.0
141,7,spatial,0.0
142,0,spatial,0.0
142,1,spatial,0.0
142,2,spatial,0.0
142,3,spatial,0.0
142,4,spatial,0.0
142,5,spatial,0.0
142,6,spatial,0.0
142,7,spatial,0.0
143,0,spatial,0.0
143,1,spatial,0.0
143,2,spatial,0.0
143,3,spatial,0.0
143,4,spatial,0.0
143,5,spatial,0.0
143,6,spatial,0.0
143,7,spatial,0.0
144,0,spatial,0.0
144,1,spatial,0.0
144,2,spatial,0.0
144,3,spatial,0.0
144,4,spatial,0.0
144,5,spatial,0.0
144,6,spatial,0.0
144,7,spatial,0.0
145,0,spatial,0.0
145,1,spatial,0.0
145,2,spatial,0.0
145,3,spatial,0.0
145,4,spatial,0.0
145,5,spatial,0.0
145,6,spatial,0.0
145,7,spatial,0.0
146,0,spatial,0.0
146,1,spatial,0.0
146,2,spatial,0.0
146,3,spatial,0.0
146,4,spatial,0.0
146,5,spatial,0.0
146,6,spatial,0.0
146,7,spatial,0.0
147,0,spatial,0.0
147,1,spatial,0.0
147,2,spatial,0.0
147,3,spatial,0.0
147,4,spatial,0.0
147,5,spatial,0.0
147,6,spatial,0.0
147,7,spatial,0.0
148,0,spatial,0.0
148,1,spatial,0.0
148,2,spatial,0.0
148,3,spatial,0.0
148,4,spatial,0.0
148,5,spatial,0.0
148,6,spatial,0.0
148,7,spatial,0.0
149,0,spatial,0.0
149,1,spatial,0.0
149,2,spatial,0.0
149,3,spatial,0.0
149,4,spatial,0.0
149,5,spatial,0.0
149,6,spatial,0.0
149,7,spatial,0.0
150,0,spatial,0.0
150,1,spatial,0.0
150,2,spatial,0.0
150,3,spatial,0.0
150,4,spatial,0.0
150,5,spatial,0.0
150,6,spatial,0.0
150,7,spatial,0.0
151,0,spatial,0.0
151,1,spatial,0.0
151,2,spatial,0.0
151,3,spatial,0.0
151,4,spatial,0.0
151,5,spatial,0.0
151,6,spatial,0.0
151,7,spatial,0.0
152,0,spatial,0.0
152,1,spatial,0.0
152,2,spatial,0.0
152,3,spatial,0.0
152,4,spatial,0.0
152,5,spatial,0.0
152,6,spatial,0.0
152,7,spatial,0.0
153,0,spatial,0.0
153,1,spatial,0.0
153,2,spatial,0.0
153,3,spatial,0.0
153,4,spatial,0.0
153,5,spatial,0.0
153,6,spatial,0.0
153,7,spatial,0.0
154,0,spatial,0.0
154,1,spatial,0.0
154,2,spatial,0.0
154,3,spatial,0.0
154,4,spatial,0.0
154,5,spatial,0.0
154,6,spatial,0.0
154,7,spatial,0.0
155,0,spatial,0.0
155,1,spatial,0.0
155,2,spatial,0.0
155,3,spatial,0.0
155,4,spatial,0.0
155,5,spatial,0.0
155,6,spatial,0.0
155,7,spatial,0.0
156,0,spatial,0.0
156,1,spatial,0.0
156,2,spatial,0.0
156,3,spatial,0.0
156,4,spatial,0.0
156,5,spatial,0.0
156,6,spatial,0.0
156,7,spatial,0.0
0,1,temporal,1.0
1,2,temporal,1.0
2,3,temporal,1.0
3,4,temporal,1.0
4,5,temporal,1.0
5,6,temporal,1.0
6,7,temporal,1.0
7,8,temporal,1.0
8,9,temporal,1.0
9,10,temporal,1.0
10,11,temporal,1.0
11,12,temporal,1.0
12,13,temporal,1.0
13,14,temporal,1.0
14,15,temporal,1.0
15,16,temporal,1.0
16,17,temporal,1.0
17,18,temporal,1.0
18,19,temporal,1.0
19,20,temporal,1.0
20,21,temporal,1.0
21,22,temporal,1.0
22,23,temporal,1.0
23,24,temporal,1.0
24,25,temporal,1.0
25,26,temporal,1.0
26,27,temporal,1.0
27,28,temporal,1.0
28,29,temporal,1.0
29,30,temporal,1.0
30,31,temporal,1.0
31,32,temporal,1.0
32,33,temporal,1.0
33,34,temporal,1.0
34,35,temporal,1.0
35,36,temporal,1.0
36,37,temporal,1.0
37,38,temporal,1.0
38,39,temporal,1.0
39,40,temporal,1.0
40,41,temporal,1.0
41,42,temporal,1.0
42,43,temporal,1.0
43,44,temporal,1.0
44,45,temporal,1.0
45,46,temporal,1.0
46,47,temporal,1.0
47,48,temporal,1.0
48,49,temporal,1.0
49,50,temporal,1.0
50,51,temporal,1.0
51,52,temporal,1.0
52,53,temporal,1.0
53,54,temporal,1.0
54,55,temporal,1.0
55,56,temporal,1.0
56,57,temporal,1.0
57,58,temporal,1.0
58,59,temporal,1.0
59,60,temporal,1.0
60,61,temporal,1.0
61,62,temporal,1.0
62,63,temporal,1.0
63,64,temporal,1.0
64,65,temporal,1.0
65,66,temporal,1.0
66,67,temporal,1.0
67,68,temporal,1.0
68,69,temporal,1.0
69,70,temporal,1.0
70,71,temporal,1.0
71,72,temporal,1.0
72,73,temporal,1.0
73,74,temporal,1.0
74,75,temporal,1.0
75,76,temporal,1.0
76,77,temporal,1.0
77,78,temporal,1.0
78,79,temporal,1.0
79,80,temporal,1.0
80,81,temporal,1.0
81,82,temporal,1.0
82,83,temporal,1.0
83,84,temporal,1.0
84,85,temporal,1.0
85,86,temporal,1.0
86,87,temporal,1.0
87,88,temporal,1.0
88,89,temporal,1.0
89,90,temporal,1.0
90,91,temporal,1.0
91,92,temporal,1.0
92,93,temporal,1.0
93,94,temporal,1.0
94,95,temporal,1.0
95,96,temporal,1.0
96,97,temporal,1.0
97,98,temporal,1.0
98,99,temporal,1.0
99,100,temporal,1.0
100,101,temporal,1.0
101,102,temporal,1.0
102,103,temporal,1.0
103,104,temporal,1.0
104,105,temporal,1.0
105,106,temporal,1.0
106,107,temporal,1.0
107,108,temporal,1.0
108,109,temporal,1.0
109,110,temporal,1.0
110,111,temporal,1.0
111,112,temporal,1.0
112,113,temporal,1.0
113,114,temporal,1.0
114,115,temporal,1.0
115,116,temporal,1.0
116,117,temporal,1.0
117,118,temporal,1.0
118,119,temporal,1.0
119,120,temporal,1.0
120,121,temporal,1.0
121,122,temporal,1.0
122,123,temporal,1.0
123,124,temporal,1.0
124,125,temporal,1.0
125,126,temporal,1.0
126,127,temporal,1.0
127,128,temporal,1.0
128,129,temporal,1.0
129,130,temporal,1.0
130,131,temporal,1.0
131,132,temporal,1.0
132,133,temporal,1.0
133,134,temporal,1.0
134,135,temporal,1.0
135,136,temporal,1.0
136,137,temporal,1.0
137,138,temporal,1.0
138,139,temporal,1.0
139,140,temporal,1.0
140,141,temporal,1.0
141,142,temporal,1.0
142,143,temporal,1.0
143,144,temporal,1.0
144,145,temporal,1.0
145,146,temporal,1.0
146,147,temporal,1.0
147,148,temporal,1.0
148,149,temporal,1.0
149,150,temporal,1.0
150,151,temporal,1.0
151,152,temporal,1.0
152,153,temporal,1.0
153,154,temporal,1.0
154,155,temporal,1.0
155,156,temporal,1.0
